# The smallest scene Sh3dWriter will accept: one level, four walls, a room,
# and one light named after its Home Assistant entity_id.
# Units are centimetres. The two "-" on the room record are its floor and
# ceiling texture ids; see examples/twolevel.tsv for textures in use.
home	entranceway-demo	250
level	l0	Ground	0	12	250
wall	l0	0	0	400	0	10	250
wall	l0	400	0	400	300	10	250
wall	l0	400	300	0	300	10	250
wall	l0	0	300	0	0	10	250
room	l0	Entrance	-	-	0,0	400,0	400,300	0,300
light	l0	light.hallway_ceiling	200	150	230	0.5
